{
  "name": "exchange",
  "meta": {
    "D": 8,
    "freq": "D",
    "start_date": "1990-01-01",
    "context_length": 60,
    "horizon": 30,
    "stride": 1,
    "scaling": "standardize",
    "split_ratios": [
      0.7,
      0.1,
      0.2
    ],
    "seed": 42
  },
  "split_sizes": {
    "train": 5311,
    "val": 758,
    "test": 1519
  },
  "scaler": {
    "method": "standardize",
    "mean": [
      0.7229358747881756,
      1.671601238373188,
      0.785566129919036,
      0.755919234795707,
      0.13668337883637732,
      0.008887640369045378,
      0.6048248685746563,
      0.6267546676708718
    ],
    "std": [
      0.10310762163854703,
      0.16755898212938228,
      0.10352909488756137,
      0.10453969339531399,
      0.02614358389110788,
      0.0011011469241223103,
      0.09529949685465589,
      0.055640679736433614
    ]
  }
}